{"\"frequency\"": {"0": 7212179590.69781, "1": 7451562087.06327, "2": 7655084946.906902, "3": 7803740426.752929, "4": 8058846646.619225}, "\"sweetspot\"": {"0": 0.029699940457264522, "1": 0.18551359274264057, "2": -0.1824557956650165, "3": 0.5543529933132109, "4": 0.5996077089258307}, "\"d\"": {"0": 0.19543085142611766, "1": 0.9865529883405256, "2": 0.6450097749092785, "3": 0.2450455380880099, "4": 0.9582290610342352}, "\"bare_frequency\"": {"0": 7209464806.72912, "1": 7396669710.088896, "2": 7651406461.231566, "3": 7801118468.261123, "4": 8051234582.848322}, "\"drive_frequency\"": {"0": 6046865095.999365, "1": 5117761466.869784, "2": 6795147316.985351, "3": 6536789897.933122, "4": 7587592970.980754}, "\"fitted_parameters\"": {"0": [6.046865095999364, 0.19543085142611766, 0.8551706301527771, 0.029699940457264522, 7.2094648067291205, 0.056180130443891495], "1": [5.117761466869784, 0.9865529883405256, 0.8379589200709757, 0.18551359274264057, 7.396669710088895, 0.3536872776575251], "2": [6.795147316985351, 0.6450097749092785, 0.8479826024862125, -0.1824557956650165, 7.651406461231566, 0.05612251773116742], "3": [6.536789897933121, 0.2450455380880099, 0.5645247283829045, 0.5543529933132109, 7.801118468261123, 0.05757618458532913], "4": [7.5875929709807535, 0.9582290610342352, 0.8652639314813635, 0.5996077089258307, 8.051234582848322, 0.05940765536848063]}, "\"g\"": {"0": 0.056180130443891495, "1": 0.3536872776575251, "2": 0.05612251773116742, "3": 0.05757618458532913, "4": 0.05940765536848063}, "\"matrix_element\"": {"0": 0.8551706301527771, "1": 0.8379589200709757, "2": 0.8479826024862125, "3": 0.5645247283829045, "4": 0.8652639314813635}}